inventory_number,title,identifier,acquisition_date,service_life,cost,current_cost,last_recalculation_date,description,asset_type,is_written_off,written_off_at,staff_id,assignment_date,return_date,last_name,first_name,patronymic,division_department,division_title,position_id,position_title
INV-10211,Test_0212,S/N-45654856,2023-01-23,6,1500.00,1000.00,NaT,"Конфигурация оборудования, либо мебели…",Type_Test_0001,True,2024-02-25,,,,,,,,,,
INV-10213,Test_0213,S/N-45654858,2023-01-28,15,1200.00,1106.67,2024-03-01,"Конфигурация оборудования, либо мебели…",Type_Test_0001,False,NaT,43.0,2024-02-26,NaT,Тестов,Тест,Тестович,Customer Service Department,Office service,7.0,Senior Specialist
INV-10213,Test_0213,S/N-45654858,2023-01-28,15,1200.00,1106.67,2024-03-01,"Конфигурация оборудования, либо мебели…",Type_Test_0001,False,NaT,43.0,2024-02-29,NaT,Тестов,Тест,Тестович,Customer Service Department,Office service,7.0,Senior Specialist
INV-10213,Test_0213,S/N-45654858,2023-01-28,15,1200.00,1106.67,2024-03-01,"Конфигурация оборудования, либо мебели…",Type_Test_0001,False,NaT,43.0,2024-02-29,NaT,Тестов,Тест,Тестович,Customer Service Department,Office service,7.0,Senior Specialist
INV-10213,Test_0213,S/N-45654858,2023-01-28,15,1200.00,1106.67,2024-03-01,"Конфигурация оборудования, либо мебели…",Type_Test_0001,False,NaT,44.0,2024-02-26,2024-02-29,Тестов,Тест,Тестович,Customer Service Department,Office service,7.0,Senior Specialist
INV-10213,Test_0213,S/N-45654858,2023-01-28,15,1200.00,1106.67,2024-03-01,"Конфигурация оборудования, либо мебели…",Type_Test_0001,False,2024-02-25,43.0,2024-02-26,NaT,Тестов,Тест,Тестович,Customer Service Department,Office service,7.0,Senior Specialist
INV-10213,Test_0213,S/N-45654858,2023-01-28,15,1200.00,1106.67,2024-03-01,"Конфигурация оборудования, либо мебели…",Type_Test_0001,False,2024-02-25,43.0,2024-02-29,NaT,Тестов,Тест,Тестович,Customer Service Department,Office service,7.0,Senior Specialist
INV-10213,Test_0213,S/N-45654858,2023-01-28,15,1200.00,1106.67,2024-03-01,"Конфигурация оборудования, либо мебели…",Type_Test_0001,False,2024-02-25,43.0,2024-02-29,NaT,Тестов,Тест,Тестович,Customer Service Department,Office service,7.0,Senior Specialist
INV-10213,Test_0213,S/N-45654858,2023-01-28,15,1200.00,1106.67,2024-03-01,"Конфигурация оборудования, либо мебели…",Type_Test_0001,False,2024-02-25,44.0,2024-02-26,2024-02-29,Тестов,Тест,Тестович,Customer Service Department,Office service,7.0,Senior Specialist
INV-10213,Test_0213,S/N-45654858,2023-01-28,15,1200.00,1200.00,NaT,"Конфигурация оборудования, либо мебели…",Type_Test_0001,True,2024-02-25,43.0,2024-02-26,NaT,Тестов,Тест,Тестович,Customer Service Department,Office service,7.0,Senior Specialist
INV-10213,Test_0213,S/N-45654858,2023-01-28,15,1200.00,1200.00,NaT,"Конфигурация оборудования, либо мебели…",Type_Test_0001,True,2024-02-25,43.0,2024-02-29,NaT,Тестов,Тест,Тестович,Customer Service Department,Office service,7.0,Senior Specialist
INV-10213,Test_0213,S/N-45654858,2023-01-28,15,1200.00,1200.00,NaT,"Конфигурация оборудования, либо мебели…",Type_Test_0001,True,2024-02-25,43.0,2024-02-29,NaT,Тестов,Тест,Тестович,Customer Service Department,Office service,7.0,Senior Specialist
INV-10213,Test_0213,S/N-45654858,2023-01-28,15,1200.00,1200.00,NaT,"Конфигурация оборудования, либо мебели…",Type_Test_0001,True,2024-02-25,44.0,2024-02-26,2024-02-29,Тестов,Тест,Тестович,Customer Service Department,Office service,7.0,Senior Specialist
INV-10002,HP,S/N-45654647,2023-01-01,5,10000.00,7666.67,2024-03-01,"Конфигурация оборудования, либо мебели…",Laptop,False,NaT,2.0,2023-03-01,NaT,Смирнов,Константин,Константинович,Human Resources Department,Human Resources,3.0,Senior Engineer
INV-10008,HP,S/N-45654653,2023-01-01,5,10000.00,7666.67,2024-03-01,"Конфигурация оборудования, либо мебели…",Laptop,False,NaT,8.0,2023-03-01,NaT,Рузиев,Сафарджон,Муллоахмедович,Customer Service Department,Corporate Clients,3.0,Senior Engineer
INV-10009,HP,S/N-45654654,2023-01-01,5,10000.00,7666.67,2024-03-01,"Конфигурация оборудования, либо мебели…",Laptop,False,NaT,9.0,2023-03-01,NaT,Панин,Сергей,Игнатиевич,Customer Service Department,Office service,3.0,Senior Engineer
INV-10010,HP,S/N-45654655,2023-01-01,5,10000.00,7666.67,2024-03-01,"Конфигурация оборудования, либо мебели…",Laptop,False,NaT,10.0,2023-03-01,NaT,Стронский,Роман,Абрамович,Human Resources Department,Business Academy,3.0,Senior Engineer
INV-10128,Samsung,S/N-45654773,2023-01-01,7,1200.00,1000.00,2024-03-01,"Конфигурация оборудования, либо мебели…",Monitor,False,NaT,2.0,2023-03-01,NaT,Смирнов,Константин,Константинович,Human Resources Department,Human Resources,3.0,Senior Engineer
INV-10144,Samsung,S/N-45654789,2023-01-01,7,1200.00,1000.00,2024-03-01,"Конфигурация оборудования, либо мебели…",Monitor,False,NaT,18.0,2023-03-01,NaT,Воля,Павел,Батькович,Human Resources Department,Statistics Division,9.0,Manager
INV-10151,Samsung,S/N-45654796,2023-01-01,7,1200.00,1000.00,2024-03-01,"Конфигурация оборудования, либо мебели…",Monitor,False,NaT,25.0,2023-03-01,NaT,Каргина,Василиса,Ивановна,Human Resources Department,Business Academy,8.0,Director
INV-10106,Dekkers,S/N-45654751,2023-01-01,10,5000.00,4416.67,2024-03-01,"Конфигурация оборудования, либо мебели…",Chair,False,NaT,22.0,2023-03-01,NaT,Никулина,Анна,Николаевна,Customer Service Department,Subscription department,9.0,Manager
INV-10112,Dekkers,S/N-45654757,2023-01-01,10,5000.00,4416.67,2024-03-01,"Конфигурация оборудования, либо мебели…",Chair,False,NaT,28.0,2023-03-01,NaT,Суржик,Стасинья,Карменовна,Technical department,Core Network Operations,8.0,Director
INV-10006,HP,S/N-45654651,2023-01-01,5,10000.00,7666.67,2024-03-01,"Конфигурация оборудования, либо мебели…",Laptop,False,NaT,6.0,2023-03-01,NaT,Зухурбеков,Джамолиддин,Исматуллоевич,Technical department,Transmission Network Operations,3.0,Senior Engineer
INV-10007,HP,S/N-45654652,2023-01-01,5,10000.00,7666.67,2024-03-01,"Конфигурация оборудования, либо мебели…",Laptop,False,NaT,7.0,2023-03-01,NaT,Стрельников,Дмитрий,Васильевич,Customer Service Department,Subscription department,3.0,Senior Engineer
INV-10003,HP,S/N-45654648,2023-01-01,5,10000.00,7666.67,2024-03-01,"Конфигурация оборудования, либо мебели…",Laptop,False,NaT,3.0,2023-03-01,NaT,Малышев,Александр,Александрович,Human Resources Department,Statistics Division,3.0,Senior Engineer
INV-10004,HP,S/N-45654649,2023-01-01,5,10000.00,7666.67,2024-03-01,"Конфигурация оборудования, либо мебели…",Laptop,False,NaT,4.0,2023-03-01,NaT,Батруддинов,Тимирлан,Арсунович,Technical department,Core Network Operations,3.0,Senior Engineer
INV-10011,HP,S/N-45654656,2023-01-01,5,10000.00,7666.67,2024-03-01,"Конфигурация оборудования, либо мебели…",Laptop,False,NaT,11.0,2023-03-01,NaT,Панасян,Рубен,Вазгенович,Human Resources Department,Statistics Division,3.0,Senior Engineer
INV-10012,HP,S/N-45654657,2023-01-01,5,10000.00,7666.67,2024-03-01,"Конфигурация оборудования, либо мебели…",Laptop,False,NaT,12.0,2023-03-01,NaT,Тигишвилли,Тенгиз,Арчилович,Technical department,Network Operation Centre,3.0,Senior Engineer
INV-10013,HP,S/N-45654658,2023-01-01,5,10000.00,7666.67,2024-03-01,"Конфигурация оборудования, либо мебели…",Laptop,False,NaT,13.0,2023-03-01,NaT,Айдашов,Сайын,Алдарович,Technical department,Transmission Network Operations,3.0,Senior Engineer
INV-10014,HP,S/N-45654659,2023-01-01,5,10000.00,7666.67,2024-03-01,"Конфигурация оборудования, либо мебели…",Laptop,False,NaT,14.0,2023-03-01,NaT,Фитисов,Георгий,Павлович,Customer Service Department,Subscription department,3.0,Senior Engineer
INV-10015,HP,S/N-45654660,2023-01-01,5,10000.00,7666.67,2024-03-01,"Конфигурация оборудования, либо мебели…",Laptop,False,NaT,15.0,2023-03-01,NaT,Бутусов,Семён,Валерьевич,Customer Service Department,Office service,3.0,Senior Engineer
INV-10016,HP,S/N-45654661,2023-01-01,5,10000.00,7666.67,2024-03-01,"Конфигурация оборудования, либо мебели…",Laptop,False,NaT,16.0,2023-03-01,NaT,Ковальский,Павел,Андреевич,Human Resources Department,Business Academy,9.0,Manager
INV-10022,HP,S/N-45654667,2023-01-01,5,10000.00,7666.67,2024-03-01,"Конфигурация оборудования, либо мебели…",Laptop,False,NaT,22.0,2023-03-01,NaT,Никулина,Анна,Николаевна,Customer Service Department,Subscription department,9.0,Manager
INV-10038,HP,S/N-45654683,2023-01-01,5,10000.00,7666.67,2024-03-01,"Конфигурация оборудования, либо мебели…",Laptop,False,NaT,38.0,2023-03-01,NaT,Сангинов,Фарид,Ахтамович,Technical department,Network Operation Centre,6.0,Specialist
INV-10054,Dekkers,S/N-45654699,2023-01-01,10,30000.00,26500.00,2024-03-01,"Конфигурация оборудования, либо мебели…",Table,False,NaT,12.0,2023-03-01,NaT,Тигишвилли,Тенгиз,Арчилович,Technical department,Network Operation Centre,3.0,Senior Engineer
INV-10061,Dekkers,S/N-45654706,2023-01-01,10,30000.00,26500.00,2024-03-01,"Конфигурация оборудования, либо мебели…",Table,False,NaT,19.0,2023-03-01,NaT,Сафонин,Сергей,Баротович,Technical department,Core Network Operations,9.0,Manager
INV-10067,Dekkers,S/N-45654712,2023-01-01,10,30000.00,26500.00,2024-03-01,"Конфигурация оборудования, либо мебели…",Table,False,NaT,25.0,2023-03-01,NaT,Каргина,Василиса,Ивановна,Human Resources Department,Business Academy,8.0,Director
INV-10083,Dekkers,S/N-45654728,2023-01-01,10,30000.00,26500.00,2024-03-01,"Конфигурация оборудования, либо мебели…",Table,False,NaT,41.0,2023-03-01,NaT,Саидова,Диларом,Холмаматовна,Customer Service Department,Corporate Clients,6.0,Specialist
INV-10001,HP,S/N-45654646,2023-01-01,5,10000.00,7666.67,2024-03-01,"Конфигурация оборудования, либо мебели…",Laptop,False,NaT,1.0,2023-03-01,NaT,Иванов,Иван,Иванович,Human Resources Department,Business Academy,3.0,Senior Engineer
INV-10157,Samsung,S/N-45654802,2023-01-01,7,1200.00,1000.00,2024-03-01,"Конфигурация оборудования, либо мебели…",Monitor,False,NaT,31.0,2023-03-01,NaT,Анжирова,Нигора,Озодовна,Customer Service Department,Subscription department,8.0,Director
INV-10005,HP,S/N-45654650,2023-01-01,5,10000.00,7666.67,2024-03-01,"Конфигурация оборудования, либо мебели…",Laptop,False,NaT,5.0,2023-03-01,NaT,Ассоев,Зуфар,Косымович,Technical department,Network Operation Centre,3.0,Senior Engineer
INV-10099,Dekkers,S/N-45654744,2023-01-01,10,5000.00,4416.67,2024-03-01,"Конфигурация оборудования, либо мебели…",Chair,False,NaT,15.0,2023-03-01,NaT,Бутусов,Семён,Валерьевич,Customer Service Department,Office service,3.0,Senior Engineer
INV-10020,HP,S/N-45654665,2023-01-01,5,10000.00,7666.67,2024-03-01,"Конфигурация оборудования, либо мебели…",Laptop,False,NaT,20.0,2023-03-01,NaT,Саркисян,Авраам,Рубенович,Technical department,Network Operation Centre,9.0,Manager
INV-10021,HP,S/N-45654666,2023-01-01,5,10000.00,7666.67,2024-03-01,"Конфигурация оборудования, либо мебели…",Laptop,False,NaT,21.0,2023-03-01,NaT,Карпухин,Николай,Степанович,Technical department,Transmission Network Operations,9.0,Manager
INV-10023,HP,S/N-45654668,2023-01-01,5,10000.00,7666.67,2024-03-01,"Конфигурация оборудования, либо мебели…",Laptop,False,NaT,23.0,2023-03-01,NaT,Каменскиая,Анастасия,Юлиановна,Customer Service Department,Corporate Clients,9.0,Manager
INV-10024,HP,S/N-45654669,2023-01-01,5,10000.00,7666.67,2024-03-01,"Конфигурация оборудования, либо мебели…",Laptop,False,NaT,24.0,2023-03-01,NaT,Каминская,Юлия,Васильевна,Customer Service Department,Office service,9.0,Manager
INV-10025,HP,S/N-45654670,2023-01-01,5,10000.00,7666.67,2024-03-01,"Конфигурация оборудования, либо мебели…",Laptop,False,NaT,25.0,2023-03-01,NaT,Каргина,Василиса,Ивановна,Human Resources Department,Business Academy,8.0,Director
INV-10026,HP,S/N-45654671,2023-01-01,5,10000.00,7666.67,2024-03-01,"Конфигурация оборудования, либо мебели…",Laptop,False,NaT,26.0,2023-03-01,NaT,Назарова,Лола,Муродовна,Human Resources Department,Human Resources,8.0,Director
INV-10027,HP,S/N-45654672,2023-01-01,5,10000.00,7666.67,2024-03-01,"Конфигурация оборудования, либо мебели…",Laptop,False,NaT,27.0,2023-03-01,NaT,Вальс,Мирабелла,Патаповна,Human Resources Department,Statistics Division,8.0,Director
INV-10028,HP,S/N-45654673,2023-01-01,5,10000.00,7666.67,2024-03-01,"Конфигурация оборудования, либо мебели…",Laptop,False,NaT,28.0,2023-03-01,NaT,Суржик,Стасинья,Карменовна,Technical department,Core Network Operations,8.0,Director
INV-10029,HP,S/N-45654674,2023-01-01,5,10000.00,7666.67,2024-03-01,"Конфигурация оборудования, либо мебели…",Laptop,False,NaT,29.0,2023-03-01,NaT,Батурина,Нелли,Ивановна,Technical department,Network Operation Centre,8.0,Director
INV-10030,HP,S/N-45654675,2023-01-01,5,10000.00,7666.67,2024-03-01,"Конфигурация оборудования, либо мебели…",Laptop,False,NaT,30.0,2023-03-01,NaT,Рахимова,Фарзона,Азимовна,Technical department,Transmission Network Operations,8.0,Director
INV-10031,HP,S/N-45654676,2023-01-01,5,10000.00,7666.67,2024-03-01,"Конфигурация оборудования, либо мебели…",Laptop,False,NaT,31.0,2023-03-01,NaT,Анжирова,Нигора,Озодовна,Customer Service Department,Subscription department,8.0,Director
INV-10032,HP,S/N-45654677,2023-01-01,5,10000.00,7666.67,2024-03-01,"Конфигурация оборудования, либо мебели…",Laptop,False,NaT,32.0,2023-03-01,NaT,Баротова,Замира,Мирзоевна,Customer Service Department,Corporate Clients,8.0,Director
INV-10033,HP,S/N-45654678,2023-01-01,5,10000.00,7666.67,2024-03-01,"Конфигурация оборудования, либо мебели…",Laptop,False,NaT,33.0,2023-03-01,NaT,Мирзоев,Нуриддин,Эсматович,Customer Service Department,Office service,8.0,Director
INV-10034,HP,S/N-45654679,2023-01-01,5,10000.00,7666.67,2024-03-01,"Конфигурация оборудования, либо мебели…",Laptop,False,NaT,34.0,2023-03-01,NaT,Сафарова,Дилафруз,Мамедовна,Human Resources Department,Business Academy,5.0,Junior Specialist
INV-10035,HP,S/N-45654680,2023-01-01,5,10000.00,7666.67,2024-03-01,"Конфигурация оборудования, либо мебели…",Laptop,False,NaT,35.0,2023-03-01,NaT,Абрамова,Ольга,Моисеевна,Human Resources Department,Human Resources,6.0,Specialist
INV-10036,HP,S/N-45654681,2023-01-01,5,10000.00,7666.67,2024-03-01,"Конфигурация оборудования, либо мебели…",Laptop,False,NaT,36.0,2023-03-01,NaT,Никольский,Махмадали,Абдуллоевич,Human Resources Department,Statistics Division,7.0,Senior Specialist
INV-10037,HP,S/N-45654682,2023-01-01,5,10000.00,7666.67,2024-03-01,"Конфигурация оборудования, либо мебели…",Laptop,False,NaT,37.0,2023-03-01,NaT,Ахметова,Ольга,Равшановна,Technical department,Core Network Operations,5.0,Junior Specialist
INV-10039,HP,S/N-45654684,2023-01-01,5,10000.00,7666.67,2024-03-01,"Конфигурация оборудования, либо мебели…",Laptop,False,NaT,39.0,2023-03-01,NaT,Давлатова,Назирахон,Фирузовна,Technical department,Transmission Network Operations,7.0,Senior Specialist
INV-10040,HP,S/N-45654685,2023-01-01,5,10000.00,7666.67,2024-03-01,"Конфигурация оборудования, либо мебели…",Laptop,False,NaT,40.0,2023-03-01,NaT,Шарапов,Фахриддин,Фаррухович,Customer Service Department,Subscription department,5.0,Junior Specialist
INV-10041,HP,S/N-45654686,2023-01-01,5,10000.00,7666.67,2024-03-01,"Конфигурация оборудования, либо мебели…",Laptop,False,NaT,41.0,2023-03-01,NaT,Саидова,Диларом,Холмаматовна,Customer Service Department,Corporate Clients,6.0,Specialist
INV-10042,HP,S/N-45654687,2023-01-01,5,10000.00,7666.67,2024-03-01,"Конфигурация оборудования, либо мебели…",Laptop,False,NaT,42.0,2023-03-01,NaT,Кузьмин,Владимир,Дмитриевич,Customer Service Department,Office service,7.0,Senior Specialist
INV-10043,Dekkers,S/N-45654688,2023-01-01,10,30000.00,26500.00,2024-03-01,"Конфигурация оборудования, либо мебели…",Table,False,NaT,1.0,2023-03-01,NaT,Иванов,Иван,Иванович,Human Resources Department,Business Academy,3.0,Senior Engineer
INV-10044,Dekkers,S/N-45654689,2023-01-01,10,30000.00,26500.00,2024-03-01,"Конфигурация оборудования, либо мебели…",Table,False,NaT,2.0,2023-03-01,NaT,Смирнов,Константин,Константинович,Human Resources Department,Human Resources,3.0,Senior Engineer
INV-10045,Dekkers,S/N-45654690,2023-01-01,10,30000.00,26500.00,2024-03-01,"Конфигурация оборудования, либо мебели…",Table,False,NaT,3.0,2023-03-01,NaT,Малышев,Александр,Александрович,Human Resources Department,Statistics Division,3.0,Senior Engineer
INV-10046,Dekkers,S/N-45654691,2023-01-01,10,30000.00,26500.00,2024-03-01,"Конфигурация оборудования, либо мебели…",Table,False,NaT,4.0,2023-03-01,NaT,Батруддинов,Тимирлан,Арсунович,Technical department,Core Network Operations,3.0,Senior Engineer
INV-10047,Dekkers,S/N-45654692,2023-01-01,10,30000.00,26500.00,2024-03-01,"Конфигурация оборудования, либо мебели…",Table,False,NaT,5.0,2023-03-01,NaT,Ассоев,Зуфар,Косымович,Technical department,Network Operation Centre,3.0,Senior Engineer
INV-10048,Dekkers,S/N-45654693,2023-01-01,10,30000.00,26500.00,2024-03-01,"Конфигурация оборудования, либо мебели…",Table,False,NaT,6.0,2023-03-01,NaT,Зухурбеков,Джамолиддин,Исматуллоевич,Technical department,Transmission Network Operations,3.0,Senior Engineer
INV-10049,Dekkers,S/N-45654694,2023-01-01,10,30000.00,26500.00,2024-03-01,"Конфигурация оборудования, либо мебели…",Table,False,NaT,7.0,2023-03-01,NaT,Стрельников,Дмитрий,Васильевич,Customer Service Department,Subscription department,3.0,Senior Engineer
INV-10050,Dekkers,S/N-45654695,2023-01-01,10,30000.00,26500.00,2024-03-01,"Конфигурация оборудования, либо мебели…",Table,False,NaT,8.0,2023-03-01,NaT,Рузиев,Сафарджон,Муллоахмедович,Customer Service Department,Corporate Clients,3.0,Senior Engineer
INV-10051,Dekkers,S/N-45654696,2023-01-01,10,30000.00,26500.00,2024-03-01,"Конфигурация оборудования, либо мебели…",Table,False,NaT,9.0,2023-03-01,NaT,Панин,Сергей,Игнатиевич,Customer Service Department,Office service,3.0,Senior Engineer
INV-10052,Dekkers,S/N-45654697,2023-01-01,10,30000.00,26500.00,2024-03-01,"Конфигурация оборудования, либо мебели…",Table,False,NaT,10.0,2023-03-01,NaT,Стронский,Роман,Абрамович,Human Resources Department,Business Academy,3.0,Senior Engineer
INV-10053,Dekkers,S/N-45654698,2023-01-01,10,30000.00,26500.00,2024-03-01,"Конфигурация оборудования, либо мебели…",Table,False,NaT,11.0,2023-03-01,NaT,Панасян,Рубен,Вазгенович,Human Resources Department,Statistics Division,3.0,Senior Engineer
INV-10055,Dekkers,S/N-45654700,2023-01-01,10,30000.00,26500.00,2024-03-01,"Конфигурация оборудования, либо мебели…",Table,False,NaT,13.0,2023-03-01,NaT,Айдашов,Сайын,Алдарович,Technical department,Transmission Network Operations,3.0,Senior Engineer
INV-10056,Dekkers,S/N-45654701,2023-01-01,10,30000.00,26500.00,2024-03-01,"Конфигурация оборудования, либо мебели…",Table,False,NaT,14.0,2023-03-01,NaT,Фитисов,Георгий,Павлович,Customer Service Department,Subscription department,3.0,Senior Engineer
INV-10057,Dekkers,S/N-45654702,2023-01-01,10,30000.00,26500.00,2024-03-01,"Конфигурация оборудования, либо мебели…",Table,False,NaT,15.0,2023-03-01,NaT,Бутусов,Семён,Валерьевич,Customer Service Department,Office service,3.0,Senior Engineer
INV-10058,Dekkers,S/N-45654703,2023-01-01,10,30000.00,26500.00,2024-03-01,"Конфигурация оборудования, либо мебели…",Table,False,NaT,16.0,2023-03-01,NaT,Ковальский,Павел,Андреевич,Human Resources Department,Business Academy,9.0,Manager
INV-10059,Dekkers,S/N-45654704,2023-01-01,10,30000.00,26500.00,2024-03-01,"Конфигурация оборудования, либо мебели…",Table,False,NaT,17.0,2023-03-01,NaT,Сафаров,Муродали,Сафарович,Human Resources Department,Human Resources,9.0,Manager
INV-10060,Dekkers,S/N-45654705,2023-01-01,10,30000.00,26500.00,2024-03-01,"Конфигурация оборудования, либо мебели…",Table,False,NaT,18.0,2023-03-01,NaT,Воля,Павел,Батькович,Human Resources Department,Statistics Division,9.0,Manager
INV-10017,HP,S/N-45654662,2023-01-01,5,10000.00,7666.67,2024-03-01,"Конфигурация оборудования, либо мебели…",Laptop,False,NaT,17.0,2023-03-01,NaT,Сафаров,Муродали,Сафарович,Human Resources Department,Human Resources,9.0,Manager
INV-10018,HP,S/N-45654663,2023-01-01,5,10000.00,7666.67,2024-03-01,"Конфигурация оборудования, либо мебели…",Laptop,False,NaT,18.0,2023-03-01,NaT,Воля,Павел,Батькович,Human Resources Department,Statistics Division,9.0,Manager
INV-10019,HP,S/N-45654664,2023-01-01,5,10000.00,7666.67,2024-03-01,"Конфигурация оборудования, либо мебели…",Laptop,False,NaT,19.0,2023-03-01,NaT,Сафонин,Сергей,Баротович,Technical department,Core Network Operations,9.0,Manager
INV-10065,Dekkers,S/N-45654710,2023-01-01,10,30000.00,26500.00,2024-03-01,"Конфигурация оборудования, либо мебели…",Table,False,NaT,23.0,2023-03-01,NaT,Каменскиая,Анастасия,Юлиановна,Customer Service Department,Corporate Clients,9.0,Manager
INV-10066,Dekkers,S/N-45654711,2023-01-01,10,30000.00,26500.00,2024-03-01,"Конфигурация оборудования, либо мебели…",Table,False,NaT,24.0,2023-03-01,NaT,Каминская,Юлия,Васильевна,Customer Service Department,Office service,9.0,Manager
INV-10068,Dekkers,S/N-45654713,2023-01-01,10,30000.00,26500.00,2024-03-01,"Конфигурация оборудования, либо мебели…",Table,False,NaT,26.0,2023-03-01,NaT,Назарова,Лола,Муродовна,Human Resources Department,Human Resources,8.0,Director
INV-10069,Dekkers,S/N-45654714,2023-01-01,10,30000.00,26500.00,2024-03-01,"Конфигурация оборудования, либо мебели…",Table,False,NaT,27.0,2023-03-01,NaT,Вальс,Мирабелла,Патаповна,Human Resources Department,Statistics Division,8.0,Director
INV-10070,Dekkers,S/N-45654715,2023-01-01,10,30000.00,26500.00,2024-03-01,"Конфигурация оборудования, либо мебели…",Table,False,NaT,28.0,2023-03-01,NaT,Суржик,Стасинья,Карменовна,Technical department,Core Network Operations,8.0,Director
INV-10071,Dekkers,S/N-45654716,2023-01-01,10,30000.00,26500.00,2024-03-01,"Конфигурация оборудования, либо мебели…",Table,False,NaT,29.0,2023-03-01,NaT,Батурина,Нелли,Ивановна,Technical department,Network Operation Centre,8.0,Director
INV-10072,Dekkers,S/N-45654717,2023-01-01,10,30000.00,26500.00,2024-03-01,"Конфигурация оборудования, либо мебели…",Table,False,NaT,30.0,2023-03-01,NaT,Рахимова,Фарзона,Азимовна,Technical department,Transmission Network Operations,8.0,Director
INV-10073,Dekkers,S/N-45654718,2023-01-01,10,30000.00,26500.00,2024-03-01,"Конфигурация оборудования, либо мебели…",Table,False,NaT,31.0,2023-03-01,NaT,Анжирова,Нигора,Озодовна,Customer Service Department,Subscription department,8.0,Director
INV-10074,Dekkers,S/N-45654719,2023-01-01,10,30000.00,26500.00,2024-03-01,"Конфигурация оборудования, либо мебели…",Table,False,NaT,32.0,2023-03-01,NaT,Баротова,Замира,Мирзоевна,Customer Service Department,Corporate Clients,8.0,Director
INV-10075,Dekkers,S/N-45654720,2023-01-01,10,30000.00,26500.00,2024-03-01,"Конфигурация оборудования, либо мебели…",Table,False,NaT,33.0,2023-03-01,NaT,Мирзоев,Нуриддин,Эсматович,Customer Service Department,Office service,8.0,Director
INV-10076,Dekkers,S/N-45654721,2023-01-01,10,30000.00,26500.00,2024-03-01,"Конфигурация оборудования, либо мебели…",Table,False,NaT,34.0,2023-03-01,NaT,Сафарова,Дилафруз,Мамедовна,Human Resources Department,Business Academy,5.0,Junior Specialist
INV-10077,Dekkers,S/N-45654722,2023-01-01,10,30000.00,26500.00,2024-03-01,"Конфигурация оборудования, либо мебели…",Table,False,NaT,35.0,2023-03-01,NaT,Абрамова,Ольга,Моисеевна,Human Resources Department,Human Resources,6.0,Specialist
INV-10078,Dekkers,S/N-45654723,2023-01-01,10,30000.00,26500.00,2024-03-01,"Конфигурация оборудования, либо мебели…",Table,False,NaT,36.0,2023-03-01,NaT,Никольский,Махмадали,Абдуллоевич,Human Resources Department,Statistics Division,7.0,Senior Specialist
INV-10079,Dekkers,S/N-45654724,2023-01-01,10,30000.00,26500.00,2024-03-01,"Конфигурация оборудования, либо мебели…",Table,False,NaT,37.0,2023-03-01,NaT,Ахметова,Ольга,Равшановна,Technical department,Core Network Operations,5.0,Junior Specialist
INV-10080,Dekkers,S/N-45654725,2023-01-01,10,30000.00,26500.00,2024-03-01,"Конфигурация оборудования, либо мебели…",Table,False,NaT,38.0,2023-03-01,NaT,Сангинов,Фарид,Ахтамович,Technical department,Network Operation Centre,6.0,Specialist
INV-10081,Dekkers,S/N-45654726,2023-01-01,10,30000.00,26500.00,2024-03-01,"Конфигурация оборудования, либо мебели…",Table,False,NaT,39.0,2023-03-01,NaT,Давлатова,Назирахон,Фирузовна,Technical department,Transmission Network Operations,7.0,Senior Specialist
INV-10082,Dekkers,S/N-45654727,2023-01-01,10,30000.00,26500.00,2024-03-01,"Конфигурация оборудования, либо мебели…",Table,False,NaT,40.0,2023-03-01,NaT,Шарапов,Фахриддин,Фаррухович,Customer Service Department,Subscription department,5.0,Junior Specialist
INV-10084,Dekkers,S/N-45654729,2023-01-01,10,30000.00,26500.00,2024-03-01,"Конфигурация оборудования, либо мебели…",Table,False,NaT,42.0,2023-03-01,NaT,Кузьмин,Владимир,Дмитриевич,Customer Service Department,Office service,7.0,Senior Specialist
INV-10085,Dekkers,S/N-45654730,2023-01-01,10,5000.00,4416.67,2024-03-01,"Конфигурация оборудования, либо мебели…",Chair,False,NaT,1.0,2023-03-01,NaT,Иванов,Иван,Иванович,Human Resources Department,Business Academy,3.0,Senior Engineer
INV-10086,Dekkers,S/N-45654731,2023-01-01,10,5000.00,4416.67,2024-03-01,"Конфигурация оборудования, либо мебели…",Chair,False,NaT,2.0,2023-03-01,NaT,Смирнов,Константин,Константинович,Human Resources Department,Human Resources,3.0,Senior Engineer
INV-10087,Dekkers,S/N-45654732,2023-01-01,10,5000.00,4416.67,2024-03-01,"Конфигурация оборудования, либо мебели…",Chair,False,NaT,3.0,2023-03-01,NaT,Малышев,Александр,Александрович,Human Resources Department,Statistics Division,3.0,Senior Engineer
INV-10088,Dekkers,S/N-45654733,2023-01-01,10,5000.00,4416.67,2024-03-01,"Конфигурация оборудования, либо мебели…",Chair,False,NaT,4.0,2023-03-01,NaT,Батруддинов,Тимирлан,Арсунович,Technical department,Core Network Operations,3.0,Senior Engineer
INV-10089,Dekkers,S/N-45654734,2023-01-01,10,5000.00,4416.67,2024-03-01,"Конфигурация оборудования, либо мебели…",Chair,False,NaT,5.0,2023-03-01,NaT,Ассоев,Зуфар,Косымович,Technical department,Network Operation Centre,3.0,Senior Engineer
INV-10090,Dekkers,S/N-45654735,2023-01-01,10,5000.00,4416.67,2024-03-01,"Конфигурация оборудования, либо мебели…",Chair,False,NaT,6.0,2023-03-01,NaT,Зухурбеков,Джамолиддин,Исматуллоевич,Technical department,Transmission Network Operations,3.0,Senior Engineer
INV-10091,Dekkers,S/N-45654736,2023-01-01,10,5000.00,4416.67,2024-03-01,"Конфигурация оборудования, либо мебели…",Chair,False,NaT,7.0,2023-03-01,NaT,Стрельников,Дмитрий,Васильевич,Customer Service Department,Subscription department,3.0,Senior Engineer
INV-10092,Dekkers,S/N-45654737,2023-01-01,10,5000.00,4416.67,2024-03-01,"Конфигурация оборудования, либо мебели…",Chair,False,NaT,8.0,2023-03-01,NaT,Рузиев,Сафарджон,Муллоахмедович,Customer Service Department,Corporate Clients,3.0,Senior Engineer
INV-10093,Dekkers,S/N-45654738,2023-01-01,10,5000.00,4416.67,2024-03-01,"Конфигурация оборудования, либо мебели…",Chair,False,NaT,9.0,2023-03-01,NaT,Панин,Сергей,Игнатиевич,Customer Service Department,Office service,3.0,Senior Engineer
INV-10094,Dekkers,S/N-45654739,2023-01-01,10,5000.00,4416.67,2024-03-01,"Конфигурация оборудования, либо мебели…",Chair,False,NaT,10.0,2023-03-01,NaT,Стронский,Роман,Абрамович,Human Resources Department,Business Academy,3.0,Senior Engineer
INV-10095,Dekkers,S/N-45654740,2023-01-01,10,5000.00,4416.67,2024-03-01,"Конфигурация оборудования, либо мебели…",Chair,False,NaT,11.0,2023-03-01,NaT,Панасян,Рубен,Вазгенович,Human Resources Department,Statistics Division,3.0,Senior Engineer
INV-10096,Dekkers,S/N-45654741,2023-01-01,10,5000.00,4416.67,2024-03-01,"Конфигурация оборудования, либо мебели…",Chair,False,NaT,12.0,2023-03-01,NaT,Тигишвилли,Тенгиз,Арчилович,Technical department,Network Operation Centre,3.0,Senior Engineer
INV-10097,Dekkers,S/N-45654742,2023-01-01,10,5000.00,4416.67,2024-03-01,"Конфигурация оборудования, либо мебели…",Chair,False,NaT,13.0,2023-03-01,NaT,Айдашов,Сайын,Алдарович,Technical department,Transmission Network Operations,3.0,Senior Engineer
INV-10098,Dekkers,S/N-45654743,2023-01-01,10,5000.00,4416.67,2024-03-01,"Конфигурация оборудования, либо мебели…",Chair,False,NaT,14.0,2023-03-01,NaT,Фитисов,Георгий,Павлович,Customer Service Department,Subscription department,3.0,Senior Engineer
INV-10100,Dekkers,S/N-45654745,2023-01-01,10,5000.00,4416.67,2024-03-01,"Конфигурация оборудования, либо мебели…",Chair,False,NaT,16.0,2023-03-01,NaT,Ковальский,Павел,Андреевич,Human Resources Department,Business Academy,9.0,Manager
INV-10101,Dekkers,S/N-45654746,2023-01-01,10,5000.00,4416.67,2024-03-01,"Конфигурация оборудования, либо мебели…",Chair,False,NaT,17.0,2023-03-01,NaT,Сафаров,Муродали,Сафарович,Human Resources Department,Human Resources,9.0,Manager
INV-10102,Dekkers,S/N-45654747,2023-01-01,10,5000.00,4416.67,2024-03-01,"Конфигурация оборудования, либо мебели…",Chair,False,NaT,18.0,2023-03-01,NaT,Воля,Павел,Батькович,Human Resources Department,Statistics Division,9.0,Manager
INV-10103,Dekkers,S/N-45654748,2023-01-01,10,5000.00,4416.67,2024-03-01,"Конфигурация оборудования, либо мебели…",Chair,False,NaT,19.0,2023-03-01,NaT,Сафонин,Сергей,Баротович,Technical department,Core Network Operations,9.0,Manager
INV-10104,Dekkers,S/N-45654749,2023-01-01,10,5000.00,4416.67,2024-03-01,"Конфигурация оборудования, либо мебели…",Chair,False,NaT,20.0,2023-03-01,NaT,Саркисян,Авраам,Рубенович,Technical department,Network Operation Centre,9.0,Manager
INV-10105,Dekkers,S/N-45654750,2023-01-01,10,5000.00,4416.67,2024-03-01,"Конфигурация оборудования, либо мебели…",Chair,False,NaT,21.0,2023-03-01,NaT,Карпухин,Николай,Степанович,Technical department,Transmission Network Operations,9.0,Manager
INV-10062,Dekkers,S/N-45654707,2023-01-01,10,30000.00,26500.00,2024-03-01,"Конфигурация оборудования, либо мебели…",Table,False,NaT,20.0,2023-03-01,NaT,Саркисян,Авраам,Рубенович,Technical department,Network Operation Centre,9.0,Manager
INV-10063,Dekkers,S/N-45654708,2023-01-01,10,30000.00,26500.00,2024-03-01,"Конфигурация оборудования, либо мебели…",Table,False,NaT,21.0,2023-03-01,NaT,Карпухин,Николай,Степанович,Technical department,Transmission Network Operations,9.0,Manager
INV-10064,Dekkers,S/N-45654709,2023-01-01,10,30000.00,26500.00,2024-03-01,"Конфигурация оборудования, либо мебели…",Table,False,NaT,22.0,2023-03-01,NaT,Никулина,Анна,Николаевна,Customer Service Department,Subscription department,9.0,Manager
INV-10110,Dekkers,S/N-45654755,2023-01-01,10,5000.00,4416.67,2024-03-01,"Конфигурация оборудования, либо мебели…",Chair,False,NaT,26.0,2023-03-01,NaT,Назарова,Лола,Муродовна,Human Resources Department,Human Resources,8.0,Director
INV-10111,Dekkers,S/N-45654756,2023-01-01,10,5000.00,4416.67,2024-03-01,"Конфигурация оборудования, либо мебели…",Chair,False,NaT,27.0,2023-03-01,NaT,Вальс,Мирабелла,Патаповна,Human Resources Department,Statistics Division,8.0,Director
INV-10113,Dekkers,S/N-45654758,2023-01-01,10,5000.00,4416.67,2024-03-01,"Конфигурация оборудования, либо мебели…",Chair,False,NaT,29.0,2023-03-01,NaT,Батурина,Нелли,Ивановна,Technical department,Network Operation Centre,8.0,Director
INV-10114,Dekkers,S/N-45654759,2023-01-01,10,5000.00,4416.67,2024-03-01,"Конфигурация оборудования, либо мебели…",Chair,False,NaT,30.0,2023-03-01,NaT,Рахимова,Фарзона,Азимовна,Technical department,Transmission Network Operations,8.0,Director
INV-10115,Dekkers,S/N-45654760,2023-01-01,10,5000.00,4416.67,2024-03-01,"Конфигурация оборудования, либо мебели…",Chair,False,NaT,31.0,2023-03-01,NaT,Анжирова,Нигора,Озодовна,Customer Service Department,Subscription department,8.0,Director
INV-10116,Dekkers,S/N-45654761,2023-01-01,10,5000.00,4416.67,2024-03-01,"Конфигурация оборудования, либо мебели…",Chair,False,NaT,32.0,2023-03-01,NaT,Баротова,Замира,Мирзоевна,Customer Service Department,Corporate Clients,8.0,Director
INV-10117,Dekkers,S/N-45654762,2023-01-01,10,5000.00,4416.67,2024-03-01,"Конфигурация оборудования, либо мебели…",Chair,False,NaT,33.0,2023-03-01,NaT,Мирзоев,Нуриддин,Эсматович,Customer Service Department,Office service,8.0,Director
INV-10118,Dekkers,S/N-45654763,2023-01-01,10,5000.00,4416.67,2024-03-01,"Конфигурация оборудования, либо мебели…",Chair,False,NaT,34.0,2023-03-01,NaT,Сафарова,Дилафруз,Мамедовна,Human Resources Department,Business Academy,5.0,Junior Specialist
INV-10119,Dekkers,S/N-45654764,2023-01-01,10,5000.00,4416.67,2024-03-01,"Конфигурация оборудования, либо мебели…",Chair,False,NaT,35.0,2023-03-01,NaT,Абрамова,Ольга,Моисеевна,Human Resources Department,Human Resources,6.0,Specialist
INV-10120,Dekkers,S/N-45654765,2023-01-01,10,5000.00,4416.67,2024-03-01,"Конфигурация оборудования, либо мебели…",Chair,False,NaT,36.0,2023-03-01,NaT,Никольский,Махмадали,Абдуллоевич,Human Resources Department,Statistics Division,7.0,Senior Specialist
INV-10121,Dekkers,S/N-45654766,2023-01-01,10,5000.00,4416.67,2024-03-01,"Конфигурация оборудования, либо мебели…",Chair,False,NaT,37.0,2023-03-01,NaT,Ахметова,Ольга,Равшановна,Technical department,Core Network Operations,5.0,Junior Specialist
INV-10122,Dekkers,S/N-45654767,2023-01-01,10,5000.00,4416.67,2024-03-01,"Конфигурация оборудования, либо мебели…",Chair,False,NaT,38.0,2023-03-01,NaT,Сангинов,Фарид,Ахтамович,Technical department,Network Operation Centre,6.0,Specialist
INV-10123,Dekkers,S/N-45654768,2023-01-01,10,5000.00,4416.67,2024-03-01,"Конфигурация оборудования, либо мебели…",Chair,False,NaT,39.0,2023-03-01,NaT,Давлатова,Назирахон,Фирузовна,Technical department,Transmission Network Operations,7.0,Senior Specialist
INV-10124,Dekkers,S/N-45654769,2023-01-01,10,5000.00,4416.67,2024-03-01,"Конфигурация оборудования, либо мебели…",Chair,False,NaT,40.0,2023-03-01,NaT,Шарапов,Фахриддин,Фаррухович,Customer Service Department,Subscription department,5.0,Junior Specialist
INV-10125,Dekkers,S/N-45654770,2023-01-01,10,5000.00,4416.67,2024-03-01,"Конфигурация оборудования, либо мебели…",Chair,False,NaT,41.0,2023-03-01,NaT,Саидова,Диларом,Холмаматовна,Customer Service Department,Corporate Clients,6.0,Specialist
INV-10126,Dekkers,S/N-45654771,2023-01-01,10,5000.00,4416.67,2024-03-01,"Конфигурация оборудования, либо мебели…",Chair,False,NaT,42.0,2023-03-01,NaT,Кузьмин,Владимир,Дмитриевич,Customer Service Department,Office service,7.0,Senior Specialist
INV-10127,Samsung,S/N-45654772,2023-01-01,7,1200.00,1000.00,2024-03-01,"Конфигурация оборудования, либо мебели…",Monitor,False,NaT,1.0,2023-03-01,NaT,Иванов,Иван,Иванович,Human Resources Department,Business Academy,3.0,Senior Engineer
INV-10129,Samsung,S/N-45654774,2023-01-01,7,1200.00,1000.00,2024-03-01,"Конфигурация оборудования, либо мебели…",Monitor,False,NaT,3.0,2023-03-01,NaT,Малышев,Александр,Александрович,Human Resources Department,Statistics Division,3.0,Senior Engineer
INV-10130,Samsung,S/N-45654775,2023-01-01,7,1200.00,1000.00,2024-03-01,"Конфигурация оборудования, либо мебели…",Monitor,False,NaT,4.0,2023-03-01,NaT,Батруддинов,Тимирлан,Арсунович,Technical department,Core Network Operations,3.0,Senior Engineer
INV-10131,Samsung,S/N-45654776,2023-01-01,7,1200.00,1000.00,2024-03-01,"Конфигурация оборудования, либо мебели…",Monitor,False,NaT,5.0,2023-03-01,NaT,Ассоев,Зуфар,Косымович,Technical department,Network Operation Centre,3.0,Senior Engineer
INV-10132,Samsung,S/N-45654777,2023-01-01,7,1200.00,1000.00,2024-03-01,"Конфигурация оборудования, либо мебели…",Monitor,False,NaT,6.0,2023-03-01,NaT,Зухурбеков,Джамолиддин,Исматуллоевич,Technical department,Transmission Network Operations,3.0,Senior Engineer
INV-10133,Samsung,S/N-45654778,2023-01-01,7,1200.00,1000.00,2024-03-01,"Конфигурация оборудования, либо мебели…",Monitor,False,NaT,7.0,2023-03-01,NaT,Стрельников,Дмитрий,Васильевич,Customer Service Department,Subscription department,3.0,Senior Engineer
INV-10134,Samsung,S/N-45654779,2023-01-01,7,1200.00,1000.00,2024-03-01,"Конфигурация оборудования, либо мебели…",Monitor,False,NaT,8.0,2023-03-01,NaT,Рузиев,Сафарджон,Муллоахмедович,Customer Service Department,Corporate Clients,3.0,Senior Engineer
INV-10135,Samsung,S/N-45654780,2023-01-01,7,1200.00,1000.00,2024-03-01,"Конфигурация оборудования, либо мебели…",Monitor,False,NaT,9.0,2023-03-01,NaT,Панин,Сергей,Игнатиевич,Customer Service Department,Office service,3.0,Senior Engineer
INV-10136,Samsung,S/N-45654781,2023-01-01,7,1200.00,1000.00,2024-03-01,"Конфигурация оборудования, либо мебели…",Monitor,False,NaT,10.0,2023-03-01,NaT,Стронский,Роман,Абрамович,Human Resources Department,Business Academy,3.0,Senior Engineer
INV-10137,Samsung,S/N-45654782,2023-01-01,7,1200.00,1000.00,2024-03-01,"Конфигурация оборудования, либо мебели…",Monitor,False,NaT,11.0,2023-03-01,NaT,Панасян,Рубен,Вазгенович,Human Resources Department,Statistics Division,3.0,Senior Engineer
INV-10138,Samsung,S/N-45654783,2023-01-01,7,1200.00,1000.00,2024-03-01,"Конфигурация оборудования, либо мебели…",Monitor,False,NaT,12.0,2023-03-01,NaT,Тигишвилли,Тенгиз,Арчилович,Technical department,Network Operation Centre,3.0,Senior Engineer
INV-10139,Samsung,S/N-45654784,2023-01-01,7,1200.00,1000.00,2024-03-01,"Конфигурация оборудования, либо мебели…",Monitor,False,NaT,13.0,2023-03-01,NaT,Айдашов,Сайын,Алдарович,Technical department,Transmission Network Operations,3.0,Senior Engineer
INV-10140,Samsung,S/N-45654785,2023-01-01,7,1200.00,1000.00,2024-03-01,"Конфигурация оборудования, либо мебели…",Monitor,False,NaT,14.0,2023-03-01,NaT,Фитисов,Георгий,Павлович,Customer Service Department,Subscription department,3.0,Senior Engineer
INV-10141,Samsung,S/N-45654786,2023-01-01,7,1200.00,1000.00,2024-03-01,"Конфигурация оборудования, либо мебели…",Monitor,False,NaT,15.0,2023-03-01,NaT,Бутусов,Семён,Валерьевич,Customer Service Department,Office service,3.0,Senior Engineer
INV-10142,Samsung,S/N-45654787,2023-01-01,7,1200.00,1000.00,2024-03-01,"Конфигурация оборудования, либо мебели…",Monitor,False,NaT,16.0,2023-03-01,NaT,Ковальский,Павел,Андреевич,Human Resources Department,Business Academy,9.0,Manager
INV-10143,Samsung,S/N-45654788,2023-01-01,7,1200.00,1000.00,2024-03-01,"Конфигурация оборудования, либо мебели…",Monitor,False,NaT,17.0,2023-03-01,NaT,Сафаров,Муродали,Сафарович,Human Resources Department,Human Resources,9.0,Manager
INV-10145,Samsung,S/N-45654790,2023-01-01,7,1200.00,1000.00,2024-03-01,"Конфигурация оборудования, либо мебели…",Monitor,False,NaT,19.0,2023-03-01,NaT,Сафонин,Сергей,Баротович,Technical department,Core Network Operations,9.0,Manager
INV-10146,Samsung,S/N-45654791,2023-01-01,7,1200.00,1000.00,2024-03-01,"Конфигурация оборудования, либо мебели…",Monitor,False,NaT,20.0,2023-03-01,NaT,Саркисян,Авраам,Рубенович,Technical department,Network Operation Centre,9.0,Manager
INV-10147,Samsung,S/N-45654792,2023-01-01,7,1200.00,1000.00,2024-03-01,"Конфигурация оборудования, либо мебели…",Monitor,False,NaT,21.0,2023-03-01,NaT,Карпухин,Николай,Степанович,Technical department,Transmission Network Operations,9.0,Manager
INV-10148,Samsung,S/N-45654793,2023-01-01,7,1200.00,1000.00,2024-03-01,"Конфигурация оборудования, либо мебели…",Monitor,False,NaT,22.0,2023-03-01,NaT,Никулина,Анна,Николаевна,Customer Service Department,Subscription department,9.0,Manager
INV-10149,Samsung,S/N-45654794,2023-01-01,7,1200.00,1000.00,2024-03-01,"Конфигурация оборудования, либо мебели…",Monitor,False,NaT,23.0,2023-03-01,NaT,Каменскиая,Анастасия,Юлиановна,Customer Service Department,Corporate Clients,9.0,Manager
INV-10150,Samsung,S/N-45654795,2023-01-01,7,1200.00,1000.00,2024-03-01,"Конфигурация оборудования, либо мебели…",Monitor,False,NaT,24.0,2023-03-01,NaT,Каминская,Юлия,Васильевна,Customer Service Department,Office service,9.0,Manager
INV-10107,Dekkers,S/N-45654752,2023-01-01,10,5000.00,4416.67,2024-03-01,"Конфигурация оборудования, либо мебели…",Chair,False,NaT,23.0,2023-03-01,NaT,Каменскиая,Анастасия,Юлиановна,Customer Service Department,Corporate Clients,9.0,Manager
INV-10108,Dekkers,S/N-45654753,2023-01-01,10,5000.00,4416.67,2024-03-01,"Конфигурация оборудования, либо мебели…",Chair,False,NaT,24.0,2023-03-01,NaT,Каминская,Юлия,Васильевна,Customer Service Department,Office service,9.0,Manager
INV-10109,Dekkers,S/N-45654754,2023-01-01,10,5000.00,4416.67,2024-03-01,"Конфигурация оборудования, либо мебели…",Chair,False,NaT,25.0,2023-03-01,NaT,Каргина,Василиса,Ивановна,Human Resources Department,Business Academy,8.0,Director
INV-10155,Samsung,S/N-45654800,2023-01-01,7,1200.00,1000.00,2024-03-01,"Конфигурация оборудования, либо мебели…",Monitor,False,NaT,29.0,2023-03-01,NaT,Батурина,Нелли,Ивановна,Technical department,Network Operation Centre,8.0,Director
INV-10156,Samsung,S/N-45654801,2023-01-01,7,1200.00,1000.00,2024-03-01,"Конфигурация оборудования, либо мебели…",Monitor,False,NaT,30.0,2023-03-01,NaT,Рахимова,Фарзона,Азимовна,Technical department,Transmission Network Operations,8.0,Director
INV-10158,Samsung,S/N-45654803,2023-01-01,7,1200.00,1000.00,2024-03-01,"Конфигурация оборудования, либо мебели…",Monitor,False,NaT,32.0,2023-03-01,NaT,Баротова,Замира,Мирзоевна,Customer Service Department,Corporate Clients,8.0,Director
INV-10159,Samsung,S/N-45654804,2023-01-01,7,1200.00,1000.00,2024-03-01,"Конфигурация оборудования, либо мебели…",Monitor,False,NaT,33.0,2023-03-01,NaT,Мирзоев,Нуриддин,Эсматович,Customer Service Department,Office service,8.0,Director
INV-10160,Samsung,S/N-45654805,2023-01-01,7,1200.00,1000.00,2024-03-01,"Конфигурация оборудования, либо мебели…",Monitor,False,NaT,34.0,2023-03-01,NaT,Сафарова,Дилафруз,Мамедовна,Human Resources Department,Business Academy,5.0,Junior Specialist
INV-10161,Samsung,S/N-45654806,2023-01-01,7,1200.00,1000.00,2024-03-01,"Конфигурация оборудования, либо мебели…",Monitor,False,NaT,35.0,2023-03-01,NaT,Абрамова,Ольга,Моисеевна,Human Resources Department,Human Resources,6.0,Specialist
INV-10162,Samsung,S/N-45654807,2023-01-01,7,1200.00,1000.00,2024-03-01,"Конфигурация оборудования, либо мебели…",Monitor,False,NaT,36.0,2023-03-01,NaT,Никольский,Махмадали,Абдуллоевич,Human Resources Department,Statistics Division,7.0,Senior Specialist
INV-10163,Samsung,S/N-45654808,2023-01-01,7,1200.00,1000.00,2024-03-01,"Конфигурация оборудования, либо мебели…",Monitor,False,NaT,37.0,2023-03-01,NaT,Ахметова,Ольга,Равшановна,Technical department,Core Network Operations,5.0,Junior Specialist
INV-10164,Samsung,S/N-45654809,2023-01-01,7,1200.00,1000.00,2024-03-01,"Конфигурация оборудования, либо мебели…",Monitor,False,NaT,38.0,2023-03-01,NaT,Сангинов,Фарид,Ахтамович,Technical department,Network Operation Centre,6.0,Specialist
INV-10165,Samsung,S/N-45654810,2023-01-01,7,1200.00,1000.00,2024-03-01,"Конфигурация оборудования, либо мебели…",Monitor,False,NaT,39.0,2023-03-01,NaT,Давлатова,Назирахон,Фирузовна,Technical department,Transmission Network Operations,7.0,Senior Specialist
INV-10166,Samsung,S/N-45654811,2023-01-01,7,1200.00,1000.00,2024-03-01,"Конфигурация оборудования, либо мебели…",Monitor,False,NaT,40.0,2023-03-01,NaT,Шарапов,Фахриддин,Фаррухович,Customer Service Department,Subscription department,5.0,Junior Specialist
INV-10167,Samsung,S/N-45654812,2023-01-01,7,1200.00,1000.00,2024-03-01,"Конфигурация оборудования, либо мебели…",Monitor,False,NaT,41.0,2023-03-01,NaT,Саидова,Диларом,Холмаматовна,Customer Service Department,Corporate Clients,6.0,Specialist
INV-10168,Samsung,S/N-45654813,2023-01-01,7,1200.00,1000.00,2024-03-01,"Конфигурация оборудования, либо мебели…",Monitor,False,NaT,42.0,2023-03-01,NaT,Кузьмин,Владимир,Дмитриевич,Customer Service Department,Office service,7.0,Senior Specialist
INV-10169,Asus,S/N-45654814,2023-01-01,12,40000.00,36111.11,2024-03-01,"Конфигурация оборудования, либо мебели…",PC,False,NaT,1.0,2023-03-01,NaT,Иванов,Иван,Иванович,Human Resources Department,Business Academy,3.0,Senior Engineer
INV-10170,Asus,S/N-45654815,2023-01-01,12,40000.00,36111.11,2024-03-01,"Конфигурация оборудования, либо мебели…",PC,False,NaT,2.0,2023-03-01,NaT,Смирнов,Константин,Константинович,Human Resources Department,Human Resources,3.0,Senior Engineer
INV-10171,Asus,S/N-45654816,2023-01-01,12,40000.00,36111.11,2024-03-01,"Конфигурация оборудования, либо мебели…",PC,False,NaT,3.0,2023-03-01,NaT,Малышев,Александр,Александрович,Human Resources Department,Statistics Division,3.0,Senior Engineer
INV-10172,Asus,S/N-45654817,2023-01-01,12,40000.00,36111.11,2024-03-01,"Конфигурация оборудования, либо мебели…",PC,False,NaT,4.0,2023-03-01,NaT,Батруддинов,Тимирлан,Арсунович,Technical department,Core Network Operations,3.0,Senior Engineer
INV-10174,Asus,S/N-45654819,2023-01-01,12,40000.00,36111.11,2024-03-01,"Конфигурация оборудования, либо мебели…",PC,False,NaT,6.0,2023-03-01,NaT,Зухурбеков,Джамолиддин,Исматуллоевич,Technical department,Transmission Network Operations,3.0,Senior Engineer
INV-10175,Asus,S/N-45654820,2023-01-01,12,40000.00,36111.11,2024-03-01,"Конфигурация оборудования, либо мебели…",PC,False,NaT,7.0,2023-03-01,NaT,Стрельников,Дмитрий,Васильевич,Customer Service Department,Subscription department,3.0,Senior Engineer
INV-10176,Asus,S/N-45654821,2023-01-01,12,40000.00,36111.11,2024-03-01,"Конфигурация оборудования, либо мебели…",PC,False,NaT,8.0,2023-03-01,NaT,Рузиев,Сафарджон,Муллоахмедович,Customer Service Department,Corporate Clients,3.0,Senior Engineer
INV-10177,Asus,S/N-45654822,2023-01-01,12,40000.00,36111.11,2024-03-01,"Конфигурация оборудования, либо мебели…",PC,False,NaT,9.0,2023-03-01,NaT,Панин,Сергей,Игнатиевич,Customer Service Department,Office service,3.0,Senior Engineer
INV-10178,Asus,S/N-45654823,2023-01-01,12,40000.00,36111.11,2024-03-01,"Конфигурация оборудования, либо мебели…",PC,False,NaT,10.0,2023-03-01,NaT,Стронский,Роман,Абрамович,Human Resources Department,Business Academy,3.0,Senior Engineer
INV-10179,Asus,S/N-45654824,2023-01-01,12,40000.00,36111.11,2024-03-01,"Конфигурация оборудования, либо мебели…",PC,False,NaT,11.0,2023-03-01,NaT,Панасян,Рубен,Вазгенович,Human Resources Department,Statistics Division,3.0,Senior Engineer
INV-10180,Asus,S/N-45654825,2023-01-01,12,40000.00,36111.11,2024-03-01,"Конфигурация оборудования, либо мебели…",PC,False,NaT,12.0,2023-03-01,NaT,Тигишвилли,Тенгиз,Арчилович,Technical department,Network Operation Centre,3.0,Senior Engineer
INV-10181,Asus,S/N-45654826,2023-01-01,12,40000.00,36111.11,2024-03-01,"Конфигурация оборудования, либо мебели…",PC,False,NaT,13.0,2023-03-01,NaT,Айдашов,Сайын,Алдарович,Technical department,Transmission Network Operations,3.0,Senior Engineer
INV-10182,Asus,S/N-45654827,2023-01-01,12,40000.00,36111.11,2024-03-01,"Конфигурация оборудования, либо мебели…",PC,False,NaT,14.0,2023-03-01,NaT,Фитисов,Георгий,Павлович,Customer Service Department,Subscription department,3.0,Senior Engineer
INV-10183,Asus,S/N-45654828,2023-01-01,12,40000.00,36111.11,2024-03-01,"Конфигурация оборудования, либо мебели…",PC,False,NaT,15.0,2023-03-01,NaT,Бутусов,Семён,Валерьевич,Customer Service Department,Office service,3.0,Senior Engineer
INV-10184,Asus,S/N-45654829,2023-01-01,12,40000.00,36111.11,2024-03-01,"Конфигурация оборудования, либо мебели…",PC,False,NaT,16.0,2023-03-01,NaT,Ковальский,Павел,Андреевич,Human Resources Department,Business Academy,9.0,Manager
INV-10185,Asus,S/N-45654830,2023-01-01,12,40000.00,36111.11,2024-03-01,"Конфигурация оборудования, либо мебели…",PC,False,NaT,17.0,2023-03-01,NaT,Сафаров,Муродали,Сафарович,Human Resources Department,Human Resources,9.0,Manager
INV-10186,Asus,S/N-45654831,2023-01-01,12,40000.00,36111.11,2024-03-01,"Конфигурация оборудования, либо мебели…",PC,False,NaT,18.0,2023-03-01,NaT,Воля,Павел,Батькович,Human Resources Department,Statistics Division,9.0,Manager
INV-10187,Asus,S/N-45654832,2023-01-01,12,40000.00,36111.11,2024-03-01,"Конфигурация оборудования, либо мебели…",PC,False,NaT,19.0,2023-03-01,NaT,Сафонин,Сергей,Баротович,Technical department,Core Network Operations,9.0,Manager
INV-10188,Asus,S/N-45654833,2023-01-01,12,40000.00,36111.11,2024-03-01,"Конфигурация оборудования, либо мебели…",PC,False,NaT,20.0,2023-03-01,NaT,Саркисян,Авраам,Рубенович,Technical department,Network Operation Centre,9.0,Manager
INV-10190,Asus,S/N-45654835,2023-01-01,12,40000.00,36111.11,2024-03-01,"Конфигурация оборудования, либо мебели…",PC,False,NaT,22.0,2023-03-01,NaT,Никулина,Анна,Николаевна,Customer Service Department,Subscription department,9.0,Manager
INV-10191,Asus,S/N-45654836,2023-01-01,12,40000.00,36111.11,2024-03-01,"Конфигурация оборудования, либо мебели…",PC,False,NaT,23.0,2023-03-01,NaT,Каменскиая,Анастасия,Юлиановна,Customer Service Department,Corporate Clients,9.0,Manager
INV-10192,Asus,S/N-45654837,2023-01-01,12,40000.00,36111.11,2024-03-01,"Конфигурация оборудования, либо мебели…",PC,False,NaT,24.0,2023-03-01,NaT,Каминская,Юлия,Васильевна,Customer Service Department,Office service,9.0,Manager
INV-10193,Asus,S/N-45654838,2023-01-01,12,40000.00,36111.11,2024-03-01,"Конфигурация оборудования, либо мебели…",PC,False,NaT,25.0,2023-03-01,NaT,Каргина,Василиса,Ивановна,Human Resources Department,Business Academy,8.0,Director
INV-10194,Asus,S/N-45654839,2023-01-01,12,40000.00,36111.11,2024-03-01,"Конфигурация оборудования, либо мебели…",PC,False,NaT,26.0,2023-03-01,NaT,Назарова,Лола,Муродовна,Human Resources Department,Human Resources,8.0,Director
INV-10195,Asus,S/N-45654840,2023-01-01,12,40000.00,36111.11,2024-03-01,"Конфигурация оборудования, либо мебели…",PC,False,NaT,27.0,2023-03-01,NaT,Вальс,Мирабелла,Патаповна,Human Resources Department,Statistics Division,8.0,Director
INV-10152,Samsung,S/N-45654797,2023-01-01,7,1200.00,1000.00,2024-03-01,"Конфигурация оборудования, либо мебели…",Monitor,False,NaT,26.0,2023-03-01,NaT,Назарова,Лола,Муродовна,Human Resources Department,Human Resources,8.0,Director
INV-10153,Samsung,S/N-45654798,2023-01-01,7,1200.00,1000.00,2024-03-01,"Конфигурация оборудования, либо мебели…",Monitor,False,NaT,27.0,2023-03-01,NaT,Вальс,Мирабелла,Патаповна,Human Resources Department,Statistics Division,8.0,Director
INV-10154,Samsung,S/N-45654799,2023-01-01,7,1200.00,1000.00,2024-03-01,"Конфигурация оборудования, либо мебели…",Monitor,False,NaT,28.0,2023-03-01,NaT,Суржик,Стасинья,Карменовна,Technical department,Core Network Operations,8.0,Director
INV-10201,Asus,S/N-45654846,2023-01-01,12,40000.00,36111.11,2024-03-01,"Конфигурация оборудования, либо мебели…",PC,False,NaT,33.0,2023-03-01,NaT,Мирзоев,Нуриддин,Эсматович,Customer Service Department,Office service,8.0,Director
INV-10208,Asus,S/N-45654853,2023-01-01,12,40000.00,36111.11,2024-03-01,"Конфигурация оборудования, либо мебели…",PC,False,NaT,40.0,2023-03-01,NaT,Шарапов,Фахриддин,Фаррухович,Customer Service Department,Subscription department,5.0,Junior Specialist
INV-10209,Asus,S/N-45654854,2023-01-01,12,40000.00,36111.11,2024-03-01,"Конфигурация оборудования, либо мебели…",PC,False,NaT,41.0,2023-03-01,NaT,Саидова,Диларом,Холмаматовна,Customer Service Department,Corporate Clients,6.0,Specialist
INV-10210,Asus,S/N-45654855,2023-01-01,12,40000.00,36111.11,2024-03-01,"Конфигурация оборудования, либо мебели…",PC,False,NaT,42.0,2023-03-01,NaT,Кузьмин,Владимир,Дмитриевич,Customer Service Department,Office service,7.0,Senior Specialist
INV-10202,Asus,S/N-45654847,2023-01-01,12,40000.00,36111.11,2024-03-01,"Конфигурация оборудования, либо мебели…",PC,False,NaT,34.0,2023-03-01,NaT,Сафарова,Дилафруз,Мамедовна,Human Resources Department,Business Academy,5.0,Junior Specialist
INV-10203,Asus,S/N-45654848,2023-01-01,12,40000.00,36111.11,2024-03-01,"Конфигурация оборудования, либо мебели…",PC,False,NaT,35.0,2023-03-01,NaT,Абрамова,Ольга,Моисеевна,Human Resources Department,Human Resources,6.0,Specialist
INV-10204,Asus,S/N-45654849,2023-01-01,12,40000.00,36111.11,2024-03-01,"Конфигурация оборудования, либо мебели…",PC,False,NaT,36.0,2023-03-01,NaT,Никольский,Махмадали,Абдуллоевич,Human Resources Department,Statistics Division,7.0,Senior Specialist
INV-10205,Asus,S/N-45654850,2023-01-01,12,40000.00,36111.11,2024-03-01,"Конфигурация оборудования, либо мебели…",PC,False,NaT,37.0,2023-03-01,NaT,Ахметова,Ольга,Равшановна,Technical department,Core Network Operations,5.0,Junior Specialist
INV-10206,Asus,S/N-45654851,2023-01-01,12,40000.00,36111.11,2024-03-01,"Конфигурация оборудования, либо мебели…",PC,False,NaT,38.0,2023-03-01,NaT,Сангинов,Фарид,Ахтамович,Technical department,Network Operation Centre,6.0,Specialist
INV-10207,Asus,S/N-45654852,2023-01-01,12,40000.00,36111.11,2024-03-01,"Конфигурация оборудования, либо мебели…",PC,False,NaT,39.0,2023-03-01,NaT,Давлатова,Назирахон,Фирузовна,Technical department,Transmission Network Operations,7.0,Senior Specialist
INV-10173,Asus,S/N-45654818,2023-01-01,12,40000.00,36111.11,2024-03-01,"Конфигурация оборудования, либо мебели…",PC,False,NaT,5.0,2023-03-01,NaT,Ассоев,Зуфар,Косымович,Technical department,Network Operation Centre,3.0,Senior Engineer
INV-10189,Asus,S/N-45654834,2023-01-01,12,40000.00,36111.11,2024-03-01,"Конфигурация оборудования, либо мебели…",PC,False,NaT,21.0,2023-03-01,NaT,Карпухин,Николай,Степанович,Technical department,Transmission Network Operations,9.0,Manager
INV-10196,Asus,S/N-45654841,2023-01-01,12,40000.00,36111.11,2024-03-01,"Конфигурация оборудования, либо мебели…",PC,False,NaT,28.0,2023-03-01,NaT,Суржик,Стасинья,Карменовна,Technical department,Core Network Operations,8.0,Director
INV-10197,Asus,S/N-45654842,2023-01-01,12,40000.00,36111.11,2024-03-01,"Конфигурация оборудования, либо мебели…",PC,False,NaT,29.0,2023-03-01,NaT,Батурина,Нелли,Ивановна,Technical department,Network Operation Centre,8.0,Director
INV-10198,Asus,S/N-45654843,2023-01-01,12,40000.00,36111.11,2024-03-01,"Конфигурация оборудования, либо мебели…",PC,False,NaT,30.0,2023-03-01,NaT,Рахимова,Фарзона,Азимовна,Technical department,Transmission Network Operations,8.0,Director
INV-10199,Asus,S/N-45654844,2023-01-01,12,40000.00,36111.11,2024-03-01,"Конфигурация оборудования, либо мебели…",PC,False,NaT,31.0,2023-03-01,NaT,Анжирова,Нигора,Озодовна,Customer Service Department,Subscription department,8.0,Director
INV-10200,Asus,S/N-45654845,2023-01-01,12,40000.00,36111.11,2024-03-01,"Конфигурация оборудования, либо мебели…",PC,False,NaT,32.0,2023-03-01,NaT,Баротова,Замира,Мирзоевна,Customer Service Department,Corporate Clients,8.0,Director
